Round_name,Run_id,Version,Total_timespan,Average_travel_Time,Max_Travel_time,Total_#_cars,#_finished,Deadline Misses,Deadline_overTime,Num_switched,no_options_missed,1_options_missed,2_options_missed,3_options_missed,4+_options_missed,no_options_total,1_options_total,2_options_total,3_options_total,4+_options_total
for_paper0,One-shotf10.rou.xml,N/A,1232,339.5255102,1046,392,391,46,227.6304348,0,0,0,0,0,0,0,0,0,0,0
for_paper1,One-shotf10.rou.xml,N/A,1324,311.8,1118,340,337,33,243.3333333,0,0,0,0,0,0,0,0,0,0,0
for_paper2,One-shotf10.rou.xml,N/A,975,317.6821192,746,453,452,63,127.0793651,0,0,0,0,0,0,0,0,0,0,0
for_paper3,One-shotf10.rou.xml,N/A,852,287.9295455,692,440,438,29,117.7931034,0,0,0,0,0,0,0,0,0,0,0
for_paper4,One-shotf10.rou.xml,N/A,981,279.8709677,833,310,309,14,159.1428571,0,0,0,0,0,0,0,0,0,0,0
for_paper5,One-shotf10.rou.xml,N/A,1021,277.5033333,839,300,299,17,178.6470588,0,0,0,0,0,0,0,0,0,0,0
for_paper6,One-shotf10.rou.xml,N/A,1254,301.9255079,936,443,442,60,175.4166667,0,0,0,0,0,0,0,0,0,0,0
for_paper7,One-shotf10.rou.xml,N/A,704,242.9585987,566,314,313,4,78.75,0,0,0,0,0,0,0,0,0,0,0
for_paper8,One-shotf10.rou.xml,N/A,629,233.6740506,517,316,315,2,11.5,0,0,0,0,0,0,0,0,0,0,0
for_paper9,One-shotf10.rou.xml,N/A,817,272.0028169,605,355,355,18,91.55555556,0,0,0,0,0,0,0,0,0,0,0
for_paper0,One-shotf10.rou.xml,N/A,1232,339.5255102,1046,392,391,46,227.6304348,0,0,0,0,0,0,0,0,0,0,0
for_paper0,One-shotf10.rou.xml,N/A,1232,339.5255102,1046,392,391,46,227.6304348,0,0,0,0,0,0,0,0,0,0,0
for_paper0,STRBE_predictor.rou.xml,STRBE_REWORK,959,304.2397959,799,392,391,40,128.4,96,32,7,1,0,0,296,92,4,0,0
for_gif0,static2_099.rou.xml,N/A,1361,50.20048309,93,414,414,195,312.2512821,0,0,0,0,0,0,0,0,0,0,0
for_gif0,static2_099.rou.xml,N/A,1361,50.20048309,93,414,414,195,312.2512821,0,0,0,0,0,0,0,0,0,0,0
for_gif0,static2_099.rou.xml,N/A,1361,50.20048309,93,414,414,195,312.2512821,0,0,0,0,0,0,0,0,0,0,0
for_paper0,STRBE_predictor.rou.xml,STRBE_REWORK,886,284.1581633,734,392,391,34,91,93,27,6,1,0,0,299,89,4,0,0
for_paper1,STRBE_predictor.rou.xml,STRBE_REWORK,996,331.8617647,915,340,338,53,177.0943396,61,34,16,2,1,0,279,56,4,1,0
for_paper2,STRBE_predictor.rou.xml,STRBE_REWORK,963,291.2362031,867,453,450,43,133.8372093,93,30,11,2,0,0,360,90,3,0,0
for_paper3,STRBE_predictor.rou.xml,STRBE_REWORK,743,280.3090909,620,440,440,25,67.36,109,13,8,2,2,0,331,98,9,2,0
for_paper4,STRBE_predictor.rou.xml,STRBE_REWORK,798,243.2096774,681,310,309,4,97.5,46,3,1,0,0,0,264,40,4,2,0
for_paper5,STRBE_predictor.rou.xml,STRBE_REWORK,615,236.1233333,559,300,299,4,54.25,66,2,2,0,0,0,234,65,1,0,0
for_paper6,STRBE_predictor.rou.xml,STRBE_REWORK,1008,286.1602709,803,443,442,49,127.5714286,92,36,12,0,1,0,352,88,2,1,0
for_paper7,STRBE_predictor.rou.xml,STRBE_REWORK,858,235.5414013,804,314,312,3,130.6666667,72,2,1,0,0,0,242,67,5,0,0
for_paper8,STRBE_predictor.rou.xml,STRBE_REWORK,913,248.4746835,805,316,313,21,123.5238095,63,17,4,0,0,0,254,58,4,0,0
for_paper9,STRBE_predictor.rou.xml,STRBE_REWORK,748,245.5915493,617,355,355,14,54.71428571,67,7,5,0,2,0,288,62,3,2,0
for_paper0,STRBE_predictor.rou.xml,STRBE_REWORK,886,284.1581633,734,392,391,34,91,93,27,6,1,0,0,299,89,4,0,0
for_paper0,STRBE_predictor.rou.xml,STRBE_REWORK,886,284.1581633,734,392,391,34,91,92,27,6,1,0,0,300,88,4,0,0
for_paper0,STRBE_predictor.rou.xml,STRBE_REWORK,886,284.1581633,734,392,391,34,91,92,27,6,1,0,0,300,88,4,0,0
for_paper0,STRBE_predictor.rou.xml,STRBE_REWORK,886,284.1581633,734,392,391,34,91,92,27,6,1,0,0,300,88,4,0,0
for_paper0,STRBE_predictor.rou.xml,STRBE_REWORK,886,284.1581633,734,392,391,34,91,92,27,6,1,0,0,300,88,4,0,0
for_paper0,str_sumo.rou.xml,N/A,1040,319.7704082,806,392,391,35,160.9142857,0,24,11,0,0,0,300,88,4,0,0
for_paper0,static2_099.rou.xml,N/A,928,294.6683673,835,392,391,34,99.29411765,0,26,7,1,0,0,300,88,4,0,0
for_paper1,STRBE_predictor.rou.xml,STRBE_REWORK,1068,335.4735294,977,340,338,55,185.4909091,59,41,13,1,0,0,281,54,4,1,0
for_paper1,str_sumo.rou.xml,N/A,957,294.7588235,780,340,337,26,111,0,17,9,0,0,0,281,54,4,1,0
for_paper1,static2_099.rou.xml,N/A,779,269.9470588,697,340,337,15,72,0,10,5,0,0,0,281,54,4,1,0
for_paper2,STRBE_predictor.rou.xml,STRBE_REWORK,990,301.99117,897,453,450,55,140.4,94,41,12,2,0,0,359,90,4,0,0
for_paper2,str_sumo.rou.xml,N/A,959,319.8476821,771,453,452,62,127.0322581,0,41,19,2,0,0,360,89,4,0,0
for_paper2,static2_099.rou.xml,N/A,1075,345.7792494,956,453,453,79,178.5696203,0,55,22,2,0,0,359,90,4,0,0
for_paper3,STRBE_predictor.rou.xml,STRBE_REWORK,708,267.1613636,611,440,440,18,58.16666667,110,8,8,2,0,0,330,100,8,2,0
for_paper3,str_sumo.rou.xml,N/A,823,285.025,633,440,439,26,99.53846154,0,12,13,1,0,0,330,100,8,2,0
for_paper3,static2_099.rou.xml,N/A,867,297.5954545,724,440,439,31,89.06451613,0,18,12,0,1,0,330,100,8,2,0
for_paper4,STRBE_predictor.rou.xml,STRBE_REWORK,798,243.2096774,681,310,309,4,97.5,45,3,1,0,0,0,265,41,4,0,0
for_paper4,str_sumo.rou.xml,N/A,958,282.4032258,817,310,309,14,168.5,0,13,1,0,0,0,265,41,4,0,0
for_paper4,static2_099.rou.xml,N/A,710,276.1516129,672,310,307,8,41.25,0,8,0,0,0,0,266,40,4,0,0
for_paper5,STRBE_predictor.rou.xml,STRBE_REWORK,615,236.1233333,559,300,299,4,54.25,65,2,2,0,0,0,235,64,1,0,0
for_paper5,str_sumo.rou.xml,N/A,1021,277.5033333,839,300,299,17,178.6470588,0,11,6,0,0,0,235,64,1,0,0
for_paper5,static2_099.rou.xml,N/A,886,248.2233333,840,300,300,18,177.5555556,0,11,7,0,0,0,236,63,1,0,0
for_paper6,STRBE_predictor.rou.xml,STRBE_REWORK,896,288.5146727,773,443,441,42,97.02380952,90,32,9,0,1,0,354,83,5,1,0
for_paper6,str_sumo.rou.xml,N/A,1285,308.6952596,1034,443,442,64,192.3125,0,49,15,0,0,0,354,83,5,1,0
for_paper6,static2_099.rou.xml,N/A,968,288.7832957,802,443,437,50,130.36,0,34,15,0,1,0,353,84,5,1,0
for_paper7,STRBE_predictor.rou.xml,STRBE_REWORK,858,235.5414013,804,314,312,3,130.6666667,71,2,1,0,0,0,243,67,4,0,0
for_paper7,str_sumo.rou.xml,N/A,704,242.9585987,566,314,313,4,78.75,0,4,0,0,0,0,243,67,4,0,0
for_paper7,static2_099.rou.xml,N/A,679,233.5127389,608,314,309,7,31.14285714,0,2,5,0,0,0,243,67,4,0,0
for_paper8,STRBE_predictor.rou.xml,STRBE_REWORK,983,272.2721519,886,316,314,30,152.7666667,63,26,4,0,0,0,253,59,4,0,0
for_paper8,str_sumo.rou.xml,N/A,627,234.4398734,516,316,315,1,16,0,0,1,0,0,0,253,59,4,0,0
for_paper8,static2_099.rou.xml,N/A,733,225.6867089,580,316,314,6,39.5,0,5,1,0,0,0,253,59,4,0,0
for_paper9,STRBE_predictor.rou.xml,STRBE_REWORK,708,247.284507,612,355,355,18,49.72222222,68,9,7,0,2,0,287,62,4,2,0
for_paper9,str_sumo.rou.xml,N/A,778,270.0647887,578,355,355,19,57,0,13,5,0,1,0,287,62,4,2,0
for_paper9,static2_099.rou.xml,N/A,843,255.2,698,355,352,18,99.88888889,0,11,6,0,1,0,288,61,4,2,0
for_paper0,STRBE_Collector,STRBE_REWORK,928,294.6683673,835,392,391,34,99.29411765,0,34,0,0,0,0,392,0,0,0,0
for_paper0,STRBE_DUE-STR,STRBE_REWORK,1080,293.8826531,998,392,391,38,166.9473684,91,28,9,1,0,0,301,87,4,0,0
for_paper1,STRBE_DUE-STR,STRBE_REWORK,941,303.7,809,340,339,37,113.3243243,57,22,14,1,0,0,283,54,3,0,0
for_paper2,STRBE_DUE-STR,STRBE_REWORK,1338,355.4238411,1249,453,453,77,204.7402597,102,65,10,1,1,0,351,94,6,2,0
for_paper3,STRBE_DUE-STR,STRBE_REWORK,728,263.6409091,631,440,440,24,54.66666667,114,14,10,0,0,0,326,104,8,2,0
for_paper4,STRBE_DUE-STR,STRBE_REWORK,643,213.3258065,575,310,309,4,73.25,48,4,0,0,0,0,262,44,4,0,0
for_paper5,STRBE_DUE-STR,STRBE_REWORK,735,264.8066667,627,300,297,7,43.71428571,74,4,3,0,0,0,226,74,0,0,0
for_paper6,STRBE_DUE-STR,STRBE_REWORK,794,274.6072235,654,443,442,30,73.13333333,96,22,7,0,1,0,347,89,5,2,0
for_paper7,STRBE_DUE-STR,STRBE_REWORK,601,223.5796178,525,314,313,4,43.5,68,1,3,0,0,0,246,66,2,0,0
for_paper8,STRBE_DUE-STR,STRBE_REWORK,669,238.8987342,555,316,313,9,22.66666667,61,7,2,0,0,0,255,58,3,0,0
for_paper9,STRBE_DUE-STR,STRBE_REWORK,800,251.7014085,650,355,355,16,66.0625,69,5,7,2,2,0,286,60,7,2,0
for_paper10,STRBE_DUE-STR,STRBE_REWORK,1008,336.8384279,866,458,458,69,137.2898551,105,50,18,0,1,0,353,99,1,5,0
for_paper11,STRBE_DUE-STR,STRBE_REWORK,980,289.6443418,864,433,429,36,124.1111111,119,24,12,0,0,0,315,115,3,0,0
for_paper12,STRBE_DUE-STR,STRBE_REWORK,1035,294.7062937,960,429,428,39,154.7948718,114,21,16,2,0,0,315,104,10,0,0
for_paper13,STRBE_DUE-STR,STRBE_REWORK,864,253.9908676,645,438,437,23,71.91304348,111,16,7,0,0,0,327,96,15,0,0
for_paper14,STRBE_DUE-STR,STRBE_REWORK,961,276.9600887,920,451,451,37,119.1891892,118,21,14,2,0,0,333,115,3,0,0
for_paper10,STRBE_DUE-STR,STRBE_REWORK,1008,336.8384279,866,458,458,69,137.2898551,105,50,18,0,1,0,353,99,1,5,0
for_paper10,str_sumo.rou.xml,N/A,1167,346.3056769,887,458,458,76,158.0657895,0,52,22,0,2,0,353,99,1,5,0
for_paper10,static2_099.rou.xml,N/A,1072,346.220524,924,458,458,75,167.0933333,0,51,23,0,1,0,353,99,1,5,0
for_paper11,STRBE_DUE-STR,STRBE_REWORK,980,289.6443418,864,433,429,36,124.1111111,119,24,12,0,0,0,315,115,3,0,0
for_paper11,str_sumo.rou.xml,N/A,1164,359.8845266,865,433,432,73,178.260274,0,46,27,0,0,0,315,115,3,0,0
for_paper11,static2_099.rou.xml,N/A,896,268.9815242,756,433,430,35,112.0857143,0,27,8,0,0,0,314,116,3,0,0
for_paper12,STRBE_DUE-STR,STRBE_REWORK,1035,294.7062937,960,429,428,39,154.7948718,114,21,16,2,0,0,315,104,10,0,0
for_paper12,str_sumo.rou.xml,N/A,1076,339.4149184,858,429,429,72,150.5416667,0,51,21,0,0,0,316,103,10,0,0
for_paper12,static2_099.rou.xml,N/A,950,271.6666667,767,429,427,21,64.19047619,0,16,5,0,0,0,316,103,10,0,0
for_paper13,STRBE_DUE-STR,STRBE_REWORK,864,253.9908676,645,438,437,23,71.91304348,111,16,7,0,0,0,327,96,15,0,0
for_paper13,str_sumo.rou.xml,N/A,987,330.9429224,830,438,437,57,121.2807018,0,40,17,0,0,0,328,95,15,0,0
for_paper13,static2_099.rou.xml,N/A,1491,326.1780822,1383,438,434,57,362.6491228,0,41,16,0,0,0,328,95,15,0,0
for_paper14,STRBE_DUE-STR,STRBE_REWORK,961,276.9600887,920,451,451,37,119.1891892,118,21,14,2,0,0,333,115,3,0,0
for_paper14,str_sumo.rou.xml,N/A,1291,351.1840355,877,451,451,71,143.6338028,0,52,19,0,0,0,333,115,3,0,0
for_paper14,static2_099.rou.xml,N/A,1252,327.9490022,1066,451,450,63,155,0,46,17,0,0,0,333,115,3,0,0
for_paper10,STRBE_Collector,STRBE_collector,1072,346.220524,924,458,458,75,167.0933333,0,75,0,0,0,0,458,0,0,0,0
for_paper11,STRBE_Collector,STRBE_collector,896,268.9815242,756,433,430,35,112.0857143,0,35,0,0,0,0,433,0,0,0,0
for_paper12,STRBE_Collector,STRBE_collector,950,271.6666667,767,429,427,21,64.19047619,0,21,0,0,0,0,429,0,0,0,0
for_paper13,STRBE_Collector,STRBE_collector,1491,326.1780822,1383,438,434,57,362.6491228,0,57,0,0,0,0,438,0,0,0,0
for_paper14,STRBE_Collector,STRBE_collector,1252,327.9490022,1066,451,450,63,155,0,63,0,0,0,0,451,0,0,0,0
analyze0,STRBE_Collector,STRBE_collector,1095,318.5217391,934,483,479,70,157.7142857,0,70,0,0,0,0,483,0,0,0,0
analyze1,STRBE_Collector,STRBE_collector,1001,309.2186788,913,439,438,54,137.2777778,0,54,0,0,0,0,439,0,0,0,0
analyze2,STRBE_Collector,STRBE_collector,716,265.4894737,640,380,376,17,39.29411765,0,17,0,0,0,0,380,0,0,0,0
analyze3,STRBE_Collector,STRBE_collector,713,268.1194969,662,318,317,14,43.5,0,14,0,0,0,0,318,0,0,0,0
analyze4,STRBE_Collector,STRBE_collector,858,276.8357843,708,408,408,21,89,0,21,0,0,0,0,408,0,0,0,0
analyze5,STRBE_Collector,STRBE_collector,716,247.3210702,646,299,296,9,51.33333333,0,9,0,0,0,0,299,0,0,0,0
analyze6,STRBE_Collector,STRBE_collector,1064,313.8314607,1029,445,443,57,192.5263158,0,57,0,0,0,0,445,0,0,0,0
analyze7,STRBE_Collector,STRBE_collector,749,263.8448753,676,361,360,13,71.15384615,0,13,0,0,0,0,361,0,0,0,0
analyze8,STRBE_Collector,STRBE_collector,757,233.4252874,604,348,347,9,33.33333333,0,9,0,0,0,0,348,0,0,0,0
analyze9,STRBE_Collector,STRBE_collector,589,235.5083799,507,358,354,3,34.66666667,0,3,0,0,0,0,358,0,0,0,0
analyze10,STRBE_Collector,STRBE_collector,933,305.4013378,865,299,298,37,152.5405405,0,37,0,0,0,0,299,0,0,0,0
analyze11,STRBE_Collector,STRBE_collector,1574,347.1373737,1490,495,495,76,383.1184211,0,76,0,0,0,0,495,0,0,0,0
analyze12,STRBE_Collector,STRBE_collector,724,262.6710963,690,301,299,13,54.53846154,0,13,0,0,0,0,301,0,0,0,0
analyze13,STRBE_Collector,STRBE_collector,998,327.4128878,871,419,419,45,98.88888889,0,45,0,0,0,0,419,0,0,0,0
analyze14,STRBE_Collector,STRBE_collector,1498,359.7175573,1422,393,391,71,235.5774648,0,71,0,0,0,0,393,0,0,0,0
analyze15,STRBE_Collector,STRBE_collector,634,248.5777126,553,341,340,6,29.5,0,6,0,0,0,0,341,0,0,0,0
analyze16,STRBE_Collector,STRBE_collector,1357,364.7091723,1129,447,443,91,269.2857143,0,91,0,0,0,0,447,0,0,0,0
analyze17,STRBE_Collector,STRBE_collector,765,265.95625,699,320,320,12,68.91666667,0,12,0,0,0,0,320,0,0,0,0
analyze18,STRBE_Collector,STRBE_collector,906,268.4504505,773,333,332,24,152.0833333,0,24,0,0,0,0,333,0,0,0,0
analyze19,STRBE_Collector,STRBE_collector,1500,331.1157407,1348,432,432,54,320.5925926,0,54,0,0,0,0,432,0,0,0,0
analyze20,STRBE_Collector,STRBE_collector,988,330.3065217,886,460,460,71,134.5070423,0,71,0,0,0,0,460,0,0,0,0
analyze21,STRBE_Collector,STRBE_collector,869,280.2970027,723,367,366,29,94.06896552,0,29,0,0,0,0,367,0,0,0,0
analyze22,STRBE_Collector,STRBE_collector,1033,293.3946281,927,484,482,68,158.7352941,0,68,0,0,0,0,484,0,0,0,0
analyze23,STRBE_Collector,STRBE_collector,862,298.775641,759,312,312,36,111.7777778,0,36,0,0,0,0,312,0,0,0,0
analyze24,STRBE_Collector,STRBE_collector,1186,332.3096234,1005,478,476,91,200.3406593,0,91,0,0,0,0,478,0,0,0,0
analyze0,STRBE_DUE-STR,STRBE_REWORK,1310,360.2194616977226,1186.0,483,479,100,295.73,126,50,39,6,5,0,357,115,6,5,0
analyze0,str_sumo.rou.xml,N/A,1116,337.4968944099379,935.0,483,482,76,135.14473684210526,0,40,27,6,3,0,357,115,6,5,0
analyze0,static2_099.rou.xml,N/A,1095,318.5217391304348,934.0,483,479,70,157.71428571428572,0,37,27,3,3,0,357,115,6,5,0
analyze1,STRBE_DUE-STR,STRBE_REWORK,939,293.013698630137,878.0,438,438,31,107.0,103,17,13,1,0,0,335,99,4,0,0
analyze1,str_sumo.rou.xml,N/A,1173,350.6719817767654,979.0,439,439,76,168.26315789473685,0,56,20,0,0,0,337,98,4,0,0
analyze1,static2_099.rou.xml,N/A,1001,309.21867881548974,913.0,439,438,54,137.27777777777777,0,35,18,1,0,0,337,98,4,0,0
analyze2,STRBE_DUE-STR,STRBE_REWORK,898,299.8,804.0,380,379,31,124.58064516129032,80,24,6,1,0,0,300,70,10,0,0
analyze2,str_sumo.rou.xml,N/A,929,314.9815789473684,776.0,380,379,24,125.33333333333333,0,14,9,1,0,0,301,69,10,0,0
analyze2,static2_099.rou.xml,N/A,716,265.4894736842105,640.0,380,376,17,39.294117647058826,0,14,2,1,0,0,300,70,10,0,0
analyze3,STRBE_DUE-STR,STRBE_REWORK,623,237.0,571.0,318,316,4,26.75,71,2,1,1,0,0,247,66,4,1,0
analyze3,str_sumo.rou.xml,N/A,782,262.04088050314465,639.0,318,317,10,85.5,0,5,5,0,0,0,247,66,4,1,0
analyze3,static2_099.rou.xml,N/A,713,268.1194968553459,662.0,318,317,14,43.5,0,9,4,1,0,0,248,65,4,1,0
analyze4,STRBE_DUE-STR,STRBE_REWORK,910,326.12745098039215,856.0,408,408,55,133.03636363636363,112,44,9,2,0,0,296,98,13,1,0
analyze4,str_sumo.rou.xml,N/A,1009,315.3872549019608,865.0,408,407,49,139.28571428571428,0,26,21,1,1,0,296,98,13,1,0
analyze4,static2_099.rou.xml,N/A,858,276.83578431372547,708.0,408,408,21,89.0,0,11,7,2,1,0,296,98,13,1,0
analyze5,STRBE_DUE-STR,STRBE_REWORK,913,297.1505016722408,801.0,299,299,31,148.41935483870967,56,21,8,2,0,0,243,52,4,0,0
analyze5,str_sumo.rou.xml,N/A,700,235.62207357859532,505.0,299,297,3,18.666666666666668,0,3,0,0,0,0,243,52,4,0,0
analyze5,static2_099.rou.xml,N/A,716,247.3210702341137,646.0,299,296,9,51.333333333333336,0,5,4,0,0,0,243,52,4,0,0
analyze6,STRBE_DUE-STR,STRBE_REWORK,895,280.24269662921347,759.0,445,444,31,58.516129032258064,109,17,14,0,0,0,337,104,3,1,0
analyze6,str_sumo.rou.xml,N/A,973,294.03370786516854,747.0,445,444,36,117.13888888888889,0,23,11,0,2,0,337,103,3,2,0
analyze6,static2_099.rou.xml,N/A,1064,313.8314606741573,1029.0,445,443,57,192.52631578947367,0,27,27,1,2,0,336,104,3,2,0
analyze7,STRBE_DUE-STR,STRBE_REWORK,811,255.2880886426593,694.0,361,361,13,93.46153846153847,93,10,3,0,0,0,268,87,6,0,0
analyze7,str_sumo.rou.xml,N/A,895,257.77008310249306,746.0,361,360,19,103.52631578947368,0,12,7,0,0,0,269,86,6,0,0
analyze7,static2_099.rou.xml,N/A,749,263.8448753462604,676.0,361,360,13,71.15384615384616,0,8,5,0,0,0,269,86,6,0,0
analyze8,STRBE_DUE-STR,STRBE_REWORK,639,226.92241379310346,571.0,348,348,1,81.0,54,0,1,0,0,0,294,53,1,0,0
analyze8,str_sumo.rou.xml,N/A,775,268.2557471264368,660.0,348,347,13,74.76923076923077,0,10,3,0,0,0,294,53,1,0,0
analyze8,static2_099.rou.xml,N/A,757,233.42528735632183,604.0,348,347,9,33.333333333333336,0,6,3,0,0,0,294,53,1,0,0
analyze9,STRBE_DUE-STR,STRBE_REWORK,769,274.0335195530726,678.0,358,355,13,108.3076923076923,90,9,4,0,0,0,269,78,11,0,0
analyze9,str_sumo.rou.xml,N/A,830,280.91340782122904,584.0,358,357,9,96.0,0,7,1,1,0,0,269,78,11,0,0
analyze9,static2_099.rou.xml,N/A,589,235.50837988826817,507.0,358,354,3,34.666666666666664,0,1,1,1,0,0,269,79,10,0,0
analyze10,STRBE_DUE-STR,STRBE_REWORK,717,263.1705685618729,624.0,299,298,11,42.90909090909091,45,9,2,0,0,0,254,45,0,0,0
analyze10,str_sumo.rou.xml,N/A,589,232.20735785953178,488.0,299,298,1,59.0,0,0,1,0,0,0,254,45,0,0,0
analyze10,static2_099.rou.xml,N/A,933,305.40133779264215,865.0,299,298,37,152.54054054054055,0,29,8,0,0,0,254,45,0,0,0
analyze11,STRBE_DUE-STR,STRBE_REWORK,1145,339.3070707070707,994.0,495,494,71,184.19718309859155,112,46,18,7,0,0,384,92,19,0,0
analyze11,str_sumo.rou.xml,N/A,1066,315.0020202020202,881.0,495,492,65,139.3230769230769,0,38,17,10,0,0,384,92,19,0,0
analyze11,static2_099.rou.xml,N/A,1574,347.13737373737376,1490.0,495,495,76,383.11842105263156,0,54,14,8,0,0,384,92,19,0,0
analyze12,STRBE_DUE-STR,STRBE_REWORK,751,266.6544850498339,672.0,301,300,12,43.416666666666664,52,10,2,0,0,0,250,50,1,0,0
analyze12,str_sumo.rou.xml,N/A,634,236.17607973421926,476.0,301,300,0,0,0,0,0,0,0,0,250,50,1,0,0
analyze12,static2_099.rou.xml,N/A,724,262.67109634551497,690.0,301,299,13,54.53846153846154,0,10,3,0,0,0,249,51,1,0,0
analyze13,STRBE_DUE-STR,STRBE_REWORK,992,322.8973747016706,838.0,419,419,40,102.1,104,33,7,0,0,0,315,101,3,0,0
analyze13,str_sumo.rou.xml,N/A,1137,331.93078758949883,921.0,419,419,55,160.5818181818182,0,38,16,1,0,0,316,100,3,0,0
analyze13,static2_099.rou.xml,N/A,998,327.4128878281623,871.0,419,419,45,98.88888888888889,0,32,12,1,0,0,316,100,3,0,0
analyze14,STRBE_DUE-STR,STRBE_REWORK,1182,353.3893129770992,1102.0,393,392,67,189.62686567164178,87,41,20,1,5,0,306,75,7,5,0
analyze14,str_sumo.rou.xml,N/A,809,283.41984732824426,667.0,393,390,20,101.0,0,12,6,0,2,0,306,75,7,5,0
analyze14,static2_099.rou.xml,N/A,1498,359.7175572519084,1422.0,393,391,71,235.57746478873239,0,45,20,1,5,0,306,75,7,5,0
analyze0,STRBE_DUE-STR,STRBE_REWORK,1310,360.2194616977226,1186.0,483,479,100,295.73,126,50,39,6,5,0,357,115,6,5,0
analyze1,STRBE_DUE-STR,STRBE_REWORK,939,293.013698630137,878.0,438,438,31,107.0,103,17,13,1,0,0,335,99,4,0,0
analyze2,STRBE_DUE-STR,STRBE_REWORK,898,299.8,804.0,380,379,31,124.58064516129032,80,24,6,1,0,0,300,70,10,0,0
analyze3,STRBE_DUE-STR,STRBE_REWORK,623,237.0,571.0,318,316,4,26.75,71,2,1,1,0,0,247,66,4,1,0
analyze4,STRBE_DUE-STR,STRBE_REWORK,910,326.12745098039215,856.0,408,408,55,133.03636363636363,112,44,9,2,0,0,296,98,13,1,0
analyze0,test_vehicle_only_4corners.net.xml:1655243512.203868,STRBE_REWORK,1310,360.2194616977226,1186.0,483,479,100,295.73,126,50,39,6,5,0,357,115,6,5,0
analyze0,test_vehicle_only_4corners.net.xml:1655243616.805086,STRBE_REWORK,1310,360.2194616977226,1186.0,483,479,100,295.73,126,50,39,6,5,0,357,115,6,5,0
analyze0,test_vehicle_only_4corners.net.xml:1655244090.527135,STRBE_REWORK,1310,360.2194616977226,1186.0,483,479,100,295.73,126,50,39,6,5,0,357,115,6,5,0
analyze1,test_vehicle_only_4corners.net.xml:1655312027.187462,STRBE_REWORK,939,293.013698630137,878.0,438,438,31,107.0,103,17,13,1,0,0,335,99,4,0,0
analyze2,test_vehicle_only_4corners.net.xml:1655312161.61077,STRBE_REWORK,898,299.8,804.0,380,379,31,124.58064516129032,80,24,6,1,0,0,300,70,10,0,0
analyze3,test_vehicle_only_4corners.net.xml:1655312188.488826,STRBE_REWORK,623,237.0,571.0,318,316,4,26.75,71,2,1,1,0,0,247,66,4,1,0
analyze4,test_vehicle_only_4corners.net.xml:1655312208.032849,STRBE_REWORK,910,326.12745098039215,856.0,408,408,55,133.03636363636363,112,44,9,2,0,0,296,98,13,1,0
analyze5,test_vehicle_only_4corners.net.xml:1655312237.972779,STRBE_REWORK,913,297.1505016722408,801.0,299,299,31,148.41935483870967,56,21,8,2,0,0,243,52,4,0,0
analyze6,test_vehicle_only_4corners.net.xml:1655312260.146793,STRBE_REWORK,895,280.24269662921347,759.0,445,444,31,58.516129032258064,109,17,14,0,0,0,337,104,3,1,0
analyze7,test_vehicle_only_4corners.net.xml:1655312289.512339,STRBE_REWORK,811,255.2880886426593,694.0,361,361,13,93.46153846153847,93,10,3,0,0,0,268,87,6,0,0
analyze8,test_vehicle_only_4corners.net.xml:1655312313.409335,STRBE_REWORK,639,226.92241379310346,571.0,348,348,1,81.0,54,0,1,0,0,0,294,53,1,0,0
analyze9,test_vehicle_only_4corners.net.xml:1655312333.831337,STRBE_REWORK,769,274.0335195530726,678.0,358,355,13,108.3076923076923,90,9,4,0,0,0,269,78,11,0,0
analyze10,test_vehicle_only_4corners.net.xml:1655312357.639336,STRBE_REWORK,717,263.1705685618729,624.0,299,298,11,42.90909090909091,45,9,2,0,0,0,254,45,0,0,0
analyze11,test_vehicle_only_4corners.net.xml:1655312377.368336,STRBE_REWORK,1145,339.3070707070707,994.0,495,494,71,184.19718309859155,112,46,18,7,0,0,384,92,19,0,0
analyze12,test_vehicle_only_4corners.net.xml:1655312415.411338,STRBE_REWORK,751,266.6544850498339,672.0,301,300,12,43.416666666666664,52,10,2,0,0,0,250,50,1,0,0
analyze13,test_vehicle_only_4corners.net.xml:1655312435.432337,STRBE_REWORK,992,322.8973747016706,838.0,419,419,40,102.1,104,33,7,0,0,0,315,101,3,0,0
analyze14,test_vehicle_only_4corners.net.xml:1655312467.485338,STRBE_REWORK,1182,353.3893129770992,1102.0,393,392,67,189.62686567164178,87,41,20,1,5,0,306,75,7,5,0
analyze15,test_vehicle_only_4corners.net.xml:1655312500.62634,STRBE_REWORK,749,284.21994134897363,711.0,341,341,17,87.76470588235294,65,12,5,0,0,0,276,63,2,0,0
analyze16,test_vehicle_only_4corners.net.xml:1655312523.800336,STRBE_REWORK,1019,319.9373601789709,916.0,447,446,62,161.25806451612902,94,44,18,0,0,0,353,85,9,0,0
analyze17,test_vehicle_only_4corners.net.xml:1655312556.827337,STRBE_REWORK,810,268.24375,786.0,320,319,17,76.0,51,10,7,0,0,0,270,50,0,0,0
analyze18,test_vehicle_only_4corners.net.xml:1655312578.672566,STRBE_REWORK,714,246.03003003003002,580.0,333,331,12,69.91666666666667,65,12,0,0,0,0,268,63,2,0,0
analyze19,test_vehicle_only_4corners.net.xml:1655312599.80757,STRBE_REWORK,1162,314.6712962962963,1053.0,432,432,49,223.69387755102042,117,34,14,1,0,0,316,109,7,0,0
analyze20,test_vehicle_only_4corners.net.xml:1655312633.538569,STRBE_REWORK,1013,339.66521739130434,852.0,460,460,79,148.72151898734177,115,48,24,4,3,0,345,105,7,3,0
analyze21,test_vehicle_only_4corners.net.xml:1655312669.135567,STRBE_REWORK,792,276.708446866485,663.0,367,365,19,66.84210526315789,58,16,3,0,0,0,309,56,2,0,0
analyze22,test_vehicle_only_4corners.net.xml:1655312694.198567,STRBE_REWORK,1390,393.0764462809917,1291.0,484,481,120,305.43333333333334,129,84,31,5,0,0,356,121,7,0,0
analyze23,test_vehicle_only_4corners.net.xml:1655312735.909566,STRBE_REWORK,761,244.93589743589743,621.0,312,312,14,54.214285714285715,56,13,1,0,0,0,256,54,2,0,0
analyze24,test_vehicle_only_4corners.net.xml:1655312756.578566,STRBE_REWORK,1439,327.8451882845188,1262.0,478,476,76,261.7368421052632,110,57,19,0,0,0,368,104,6,0,0
analyze25,,STRBE_REWORK,1374,322.1590361445783,1244.0,415,415,55,275.3090909090909,122,37,17,1,0,0,293,110,12,0,0
analyze0,STRRT_Collector,STRBE_REWORK,1310,360.2194616977226,1186.0,483,479,100,295.73,126,50,39,6,5,0,357,115,6,5,0
analyze1,STRRT_Collector,STRBE_REWORK,939,293.013698630137,878.0,438,438,31,107.0,103,17,13,1,0,0,335,99,4,0,0
analyze2,STRRT_Collector,STRBE_REWORK,898,299.8,804.0,380,379,31,124.58064516129032,80,24,6,1,0,0,300,70,10,0,0
analyze3,STRRT_Collector,STRBE_REWORK,623,237.0,571.0,318,316,4,26.75,71,2,1,1,0,0,247,66,4,1,0
analyze4,STRRT_Collector,STRBE_REWORK,910,326.12745098039215,856.0,408,408,55,133.03636363636363,112,44,9,2,0,0,296,98,13,1,0
analyze5,STRRT_Collector,STRBE_REWORK,913,297.1505016722408,801.0,299,299,31,148.41935483870967,56,21,8,2,0,0,243,52,4,0,0
analyze6,STRRT_Collector,STRBE_REWORK,895,280.24269662921347,759.0,445,444,31,58.516129032258064,109,17,14,0,0,0,337,104,3,1,0
analyze7,STRRT_Collector,STRBE_REWORK,811,255.2880886426593,694.0,361,361,13,93.46153846153847,93,10,3,0,0,0,268,87,6,0,0
analyze8,STRRT_Collector,STRBE_REWORK,639,226.92241379310346,571.0,348,348,1,81.0,54,0,1,0,0,0,294,53,1,0,0
analyze9,STRRT_Collector,STRBE_REWORK,769,274.0335195530726,678.0,358,355,13,108.3076923076923,90,9,4,0,0,0,269,78,11,0,0
analyze10,STRRT_Collector,STRBE_REWORK,717,263.1705685618729,624.0,299,298,11,42.90909090909091,45,9,2,0,0,0,254,45,0,0,0
analyze11,STRRT_Collector,STRBE_REWORK,1145,339.3070707070707,994.0,495,494,71,184.19718309859155,112,46,18,7,0,0,384,92,19,0,0
analyze12,STRRT_Collector,STRBE_REWORK,751,266.6544850498339,672.0,301,300,12,43.416666666666664,52,10,2,0,0,0,250,50,1,0,0
analyze13,STRRT_Collector,STRBE_REWORK,992,322.8973747016706,838.0,419,419,40,102.1,104,33,7,0,0,0,315,101,3,0,0
analyze14,STRRT_Collector,STRBE_REWORK,1182,353.3893129770992,1102.0,393,392,67,189.62686567164178,87,41,20,1,5,0,306,75,7,5,0
analyze15,STRRT_Collector,STRBE_REWORK,749,284.21994134897363,711.0,341,341,17,87.76470588235294,65,12,5,0,0,0,276,63,2,0,0
analyze16,STRRT_Collector,STRBE_REWORK,1019,319.9373601789709,916.0,447,446,62,161.25806451612902,94,44,18,0,0,0,353,85,9,0,0
analyze17,STRRT_Collector,STRBE_REWORK,810,268.24375,786.0,320,319,17,76.0,51,10,7,0,0,0,270,50,0,0,0
analyze18,STRRT_Collector,STRBE_REWORK,714,246.03003003003002,580.0,333,331,12,69.91666666666667,65,12,0,0,0,0,268,63,2,0,0
analyze19,STRRT_Collector,STRBE_REWORK,1162,314.6712962962963,1053.0,432,432,49,223.69387755102042,117,34,14,1,0,0,316,109,7,0,0
analyze20,STRRT_Collector,STRBE_REWORK,1013,339.66521739130434,852.0,460,460,79,148.72151898734177,115,48,24,4,3,0,345,105,7,3,0
analyze21,STRRT_Collector,STRBE_REWORK,792,276.708446866485,663.0,367,365,19,66.84210526315789,58,16,3,0,0,0,309,56,2,0,0
analyze22,STRRT_Collector,STRBE_REWORK,1390,393.0764462809917,1291.0,484,481,120,305.43333333333334,129,84,31,5,0,0,356,121,7,0,0
analyze23,STRRT_Collector,STRBE_REWORK,761,244.93589743589743,621.0,312,312,14,54.214285714285715,56,13,1,0,0,0,256,54,2,0,0
analyze24,STRRT_Collector,STRBE_REWORK,1439,327.8451882845188,1262.0,478,476,76,261.7368421052632,110,57,19,0,0,0,368,104,6,0,0
analyze25,STRRT_Collector,STRBE_REWORK,1374,322.1590361445783,1244.0,415,415,55,275.3090909090909,122,37,17,1,0,0,293,110,12,0,0
analyze0,STRRT_Collector,STRBE_REWORK,1310,360.2194616977226,1186.0,483,479,100,295.73,126,50,39,6,5,0,357,115,6,5,0
analyze1,STRRT_Collector,STRBE_REWORK,939,293.013698630137,878.0,438,438,31,107.0,103,17,13,1,0,0,335,99,4,0,0
analyze2,STRRT_Collector,STRBE_REWORK,898,299.8,804.0,380,379,31,124.58064516129032,80,24,6,1,0,0,300,70,10,0,0
analyze3,STRRT_Collector,STRBE_REWORK,623,237.0,571.0,318,316,4,26.75,71,2,1,1,0,0,247,66,4,1,0
analyze4,STRRT_Collector,STRBE_REWORK,910,326.12745098039215,856.0,408,408,55,133.03636363636363,112,44,9,2,0,0,296,98,13,1,0
analyze5,STRRT_Collector,STRBE_REWORK,913,297.1505016722408,801.0,299,299,31,148.41935483870967,56,21,8,2,0,0,243,52,4,0,0
analyze6,STRRT_Collector,STRBE_REWORK,895,280.24269662921347,759.0,445,444,31,58.516129032258064,109,17,14,0,0,0,337,104,3,1,0
analyze7,STRRT_Collector,STRBE_REWORK,811,255.2880886426593,694.0,361,361,13,93.46153846153847,93,10,3,0,0,0,268,87,6,0,0
analyze8,STRRT_Collector,STRBE_REWORK,639,226.92241379310346,571.0,348,348,1,81.0,54,0,1,0,0,0,294,53,1,0,0
analyze9,STRRT_Collector,STRBE_REWORK,769,274.0335195530726,678.0,358,355,13,108.3076923076923,90,9,4,0,0,0,269,78,11,0,0
analyze10,STRRT_Collector,STRBE_REWORK,717,263.1705685618729,624.0,299,298,11,42.90909090909091,45,9,2,0,0,0,254,45,0,0,0
analyze11,STRRT_Collector,STRBE_REWORK,1145,339.3070707070707,994.0,495,494,71,184.19718309859155,112,46,18,7,0,0,384,92,19,0,0
analyze12,STRRT_Collector,STRBE_REWORK,751,266.6544850498339,672.0,301,300,12,43.416666666666664,52,10,2,0,0,0,250,50,1,0,0
analyze13,STRRT_Collector,STRBE_REWORK,992,322.8973747016706,838.0,419,419,40,102.1,104,33,7,0,0,0,315,101,3,0,0
analyze14,STRRT_Collector,STRBE_REWORK,1182,353.3893129770992,1102.0,393,392,67,189.62686567164178,87,41,20,1,5,0,306,75,7,5,0
analyze15,STRRT_Collector,STRBE_REWORK,749,284.21994134897363,711.0,341,341,17,87.76470588235294,65,12,5,0,0,0,276,63,2,0,0
analyze16,STRRT_Collector,STRBE_REWORK,1019,319.9373601789709,916.0,447,446,62,161.25806451612902,94,44,18,0,0,0,353,85,9,0,0
analyze17,STRRT_Collector,STRBE_REWORK,810,268.24375,786.0,320,319,17,76.0,51,10,7,0,0,0,270,50,0,0,0
analyze18,STRRT_Collector,STRBE_REWORK,714,246.03003003003002,580.0,333,331,12,69.91666666666667,65,12,0,0,0,0,268,63,2,0,0
analyze19,STRRT_Collector,STRBE_REWORK,1162,314.6712962962963,1053.0,432,432,49,223.69387755102042,117,34,14,1,0,0,316,109,7,0,0
analyze20,STRRT_Collector,STRBE_REWORK,1013,339.66521739130434,852.0,460,460,79,148.72151898734177,115,48,24,4,3,0,345,105,7,3,0
analyze21,STRRT_Collector,STRBE_REWORK,792,276.708446866485,663.0,367,365,19,66.84210526315789,58,16,3,0,0,0,309,56,2,0,0
analyze22,STRRT_Collector,STRBE_REWORK,1390,393.0764462809917,1291.0,484,481,120,305.43333333333334,129,84,31,5,0,0,356,121,7,0,0
analyze23,STRRT_Collector,STRBE_REWORK,761,244.93589743589743,621.0,312,312,14,54.214285714285715,56,13,1,0,0,0,256,54,2,0,0
analyze24,STRRT_Collector,STRBE_REWORK,1439,327.8451882845188,1262.0,478,476,76,261.7368421052632,110,57,19,0,0,0,368,104,6,0,0
analyze25,STRRT_Collector,STRBE_REWORK,1374,322.1590361445783,1244.0,415,415,55,275.3090909090909,122,37,17,1,0,0,293,110,12,0,0
Eric0,Dijkstras-Reader2,N/A,776,280.1045197740113,572.0,354,351,16,51.9375,0,0,0,0,0,0,0,0,0,0,0
Eric0,Dijkstras-Reader2,N/A,776,280.1045197740113,572.0,354,351,16,51.9375,0,0,0,0,0,0,0,0,0,0,0
Eric0,Dijkstras-Reader2,N/A,776,280.1045197740113,572.0,354,351,16,51.9375,0,0,0,0,0,0,0,0,0,0,0
Eric0,Dijkstras-Reader2,N/A,776,280.1045197740113,572.0,354,351,16,51.9375,0,0,0,0,0,0,0,0,0,0,0
